[
    {
        "chinese": "AWSL",
        "taiwanese": "啊我死了",
        "english": ""
    },
    {
        "chinese": "U盤",
        "taiwanese": "USB隨身碟",
        "english": ""
    },
    {
        "chinese": "YYDS",
        "taiwanese": "永遠的神、令人崇拜、永遠單身",
        "english": ""
    },
    {
        "chinese": "crush",
        "taiwanese": "暗戀對象",
        "english": "crush"
    },
    {
        "chinese": "emo",
        "taiwanese": "悲從中來",
        "english": "emo"
    },
    {
        "chinese": "ins",
        "taiwanese": "instagram/IG",
        "english": "Instagram"
    },
    {
        "chinese": "xx年/00後",
        "taiwanese": "直接講年份/幾年級或o世代",
        "english": ""
    },
    {
        "chinese": "一次性",
        "taiwanese": "免洗、拋棄式",
        "english": ""
    },
    {
        "chinese": "一陣風",
        "taiwanese": "三分鐘熱度",
        "english": ""
    },
    {
        "chinese": "一風吹",
        "taiwanese": "一筆勾銷",
        "english": ""
    },
    {
        "chinese": "丁克夫妻",
        "taiwanese": "頂克族",
        "english": ""
    },
    {
        "chinese": "三文魚",
        "taiwanese": "鮭魚",
        "english": "salmon"
    },
    {
        "chinese": "三觀",
        "taiwanese": "價值觀",
        "english": ""
    },
    {
        "chinese": "上學",
        "taiwanese": "讀書",
        "english": "go to school"
    },
    {
        "chinese": "上岸",
        "taiwanese": "上榜",
        "english": ""
    },
    {
        "chinese": "上座率",
        "taiwanese": "票房紀錄",
        "english": ""
    },
    {
        "chinese": "上頭",
        "taiwanese": "有feel（fu）/有感",
        "english": ""
    },
    {
        "chinese": "下午好",
        "taiwanese": "午安",
        "english": "good afternoon"
    },
    {
        "chinese": "下崗",
        "taiwanese": "失業",
        "english": ""
    },
    {
        "chinese": "下頭",
        "taiwanese": "很解",
        "english": ""
    },
    {
        "chinese": "不科學",
        "taiwanese": "不合理、違反原理、不直覺",
        "english": ""
    },
    {
        "chinese": "丟失",
        "taiwanese": "遺失",
        "english": ""
    },
    {
        "chinese": "中國台灣",
        "taiwanese": "台灣",
        "english": ""
    },
    {
        "chinese": "中標",
        "taiwanese": "得標",
        "english": ""
    },
    {
        "chinese": "串子",
        "taiwanese": "反串、釣魚",
        "english": ""
    },
    {
        "chinese": "主人公",
        "taiwanese": "主角",
        "english": ""
    },
    {
        "chinese": "主存",
        "taiwanese": "主記憶體",
        "english": ""
    },
    {
        "chinese": "主板",
        "taiwanese": "主機板",
        "english": "Mother board"
    },
    {
        "chinese": "乍得",
        "taiwanese": "查德",
        "english": "The Republic of Chad"
    },
    {
        "chinese": "也是醉了",
        "taiwanese": "沒救了、無言",
        "english": ""
    },
    {
        "chinese": "也門",
        "taiwanese": "葉門",
        "english": "Republic of Yemenglish"
    },
    {
        "chinese": "乾/油皮",
        "taiwanese": "乾/油肌",
        "english": "dry/oily skin"
    },
    {
        "chinese": "二哈",
        "taiwanese": "哈士奇",
        "english": ""
    },
    {
        "chinese": "二流子",
        "taiwanese": "流氓",
        "english": ""
    },
    {
        "chinese": "互噴",
        "taiwanese": "互罵",
        "english": ""
    },
    {
        "chinese": "互聯網",
        "taiwanese": "網路",
        "english": "internet"
    },
    {
        "chinese": "亞像素",
        "taiwanese": "子像素",
        "english": ""
    },
    {
        "chinese": "交互",
        "taiwanese": "互動",
        "english": ""
    },
    {
        "chinese": "京劇",
        "taiwanese": "國劇、平劇",
        "english": ""
    },
    {
        "chinese": "亭式車站",
        "taiwanese": "候車亭",
        "english": ""
    },
    {
        "chinese": "介質",
        "taiwanese": "媒體",
        "english": "Media"
    },
    {
        "chinese": "代用鹽",
        "taiwanese": "低鈉鹽",
        "english": ""
    },
    {
        "chinese": "任務欄",
        "taiwanese": "工作列",
        "english": "task bar"
    },
    {
        "chinese": "份兒飯",
        "taiwanese": "套餐",
        "english": ""
    },
    {
        "chinese": "估計",
        "taiwanese": "可能、大概、預估",
        "english": ""
    },
    {
        "chinese": "佈局",
        "taiwanese": "格局",
        "english": ""
    },
    {
        "chinese": "低常兒童",
        "taiwanese": "低能兒，智障兒",
        "english": ""
    },
    {
        "chinese": "低端",
        "taiwanese": "低級、低階",
        "english": ""
    },
    {
        "chinese": "低谷",
        "taiwanese": "谷底",
        "english": ""
    },
    {
        "chinese": "低配",
        "taiwanese": "低階、極簡",
        "english": ""
    },
    {
        "chinese": "使用者友好",
        "taiwanese": "使用者友善",
        "english": "user-frienglishdly"
    },
    {
        "chinese": "保暖杯",
        "taiwanese": "保溫杯",
        "english": ""
    },
    {
        "chinese": "保職停薪",
        "taiwanese": "留職停薪",
        "english": ""
    },
    {
        "chinese": "保育院",
        "taiwanese": "育幼院",
        "english": ""
    },
    {
        "chinese": "信息",
        "taiwanese": "訊息",
        "english": "Message"
    },
    {
        "chinese": "信息素",
        "taiwanese": "費洛蒙",
        "english": ""
    },
    {
        "chinese": "信息量",
        "taiwanese": "資訊量、內容、要素",
        "english": ""
    },
    {
        "chinese": "俯臥撐",
        "taiwanese": "伏地挺身",
        "english": "push-up"
    },
    {
        "chinese": "個人計算機",
        "taiwanese": "個人電腦",
        "english": ""
    },
    {
        "chinese": "倒休",
        "taiwanese": "調班",
        "english": ""
    },
    {
        "chinese": "倒讀秒",
        "taiwanese": "倒數計時",
        "english": ""
    },
    {
        "chinese": "假牌",
        "taiwanese": "仿冒品",
        "english": ""
    },
    {
        "chinese": "做底",
        "taiwanese": "打底",
        "english": ""
    },
    {
        "chinese": "做死",
        "taiwanese": "找死、自找麻煩、自尋死路、玩火自焚",
        "english": ""
    },
    {
        "chinese": "健美褲",
        "taiwanese": "韻律褲",
        "english": ""
    },
    {
        "chinese": "傳感器",
        "taiwanese": "感測器",
        "english": "Sensor"
    },
    {
        "chinese": "億點點",
        "taiwanese": "超大一點",
        "english": ""
    },
    {
        "chinese": "優化",
        "taiwanese": "最佳化",
        "english": "Optimization"
    },
    {
        "chinese": "兄弟院校",
        "taiwanese": "姊妹校",
        "english": ""
    },
    {
        "chinese": "充值",
        "taiwanese": "儲值、加值",
        "english": ""
    },
    {
        "chinese": "充能",
        "taiwanese": "蓄能",
        "english": ""
    },
    {
        "chinese": "充電寶",
        "taiwanese": "行動電源",
        "english": ""
    },
    {
        "chinese": "光刻機",
        "taiwanese": "曝光機",
        "english": ""
    },
    {
        "chinese": "光榮榜",
        "taiwanese": "榮譽榜",
        "english": ""
    },
    {
        "chinese": "光標",
        "taiwanese": "游標",
        "english": ""
    },
    {
        "chinese": "光盤",
        "taiwanese": "光碟",
        "english": ""
    },
    {
        "chinese": "兒童文化宮",
        "taiwanese": "兒童活動中心",
        "english": ""
    },
    {
        "chinese": "內函",
        "taiwanese": "影射",
        "english": "imply"
    },
    {
        "chinese": "內卷",
        "taiwanese": "過度競爭、內鬥",
        "english": ""
    },
    {
        "chinese": "內存",
        "taiwanese": "記憶體",
        "english": "memory"
    },
    {
        "chinese": "內核",
        "taiwanese": "核心",
        "english": "core"
    },
    {
        "chinese": "內貿",
        "taiwanese": "內銷",
        "english": ""
    },
    {
        "chinese": "全家桶",
        "taiwanese": "方案、套餐",
        "english": ""
    },
    {
        "chinese": "全局",
        "taiwanese": "全域",
        "english": ""
    },
    {
        "chinese": "全屏",
        "taiwanese": "全螢幕",
        "english": ""
    },
    {
        "chinese": "全網",
        "taiwanese": "整個網路上",
        "english": ""
    },
    {
        "chinese": "全線飄紅",
        "taiwanese": "長紅",
        "english": ""
    },
    {
        "chinese": "八旗子弟",
        "taiwanese": "紈褲子弟",
        "english": ""
    },
    {
        "chinese": "公交",
        "taiwanese": "公車",
        "english": "bus"
    },
    {
        "chinese": "公交站",
        "taiwanese": "公車站",
        "english": ""
    },
    {
        "chinese": "公交車",
        "taiwanese": "公車",
        "english": ""
    },
    {
        "chinese": "公房",
        "taiwanese": "公家宿舍",
        "english": ""
    },
    {
        "chinese": "共情",
        "taiwanese": "共感",
        "english": "empathy"
    },
    {
        "chinese": "兼容",
        "taiwanese": "相容",
        "english": ""
    },
    {
        "chinese": "冰棍",
        "taiwanese": "冰棒",
        "english": ""
    },
    {
        "chinese": "冰毒",
        "taiwanese": "安非他命",
        "english": ""
    },
    {
        "chinese": "冷背",
        "taiwanese": "冷門",
        "english": ""
    },
    {
        "chinese": "冷麵",
        "taiwanese": "涼麵",
        "english": ""
    },
    {
        "chinese": "凡高",
        "taiwanese": "梵谷",
        "english": "Van Gogh"
    },
    {
        "chinese": "出片",
        "taiwanese": "很好拍",
        "english": ""
    },
    {
        "chinese": "出版物",
        "taiwanese": "出版品",
        "english": ""
    },
    {
        "chinese": "出租車",
        "taiwanese": "計程車",
        "english": ""
    },
    {
        "chinese": "出糧",
        "taiwanese": "領薪水",
        "english": ""
    },
    {
        "chinese": "分成",
        "taiwanese": "抽成",
        "english": ""
    },
    {
        "chinese": "分數線",
        "taiwanese": "最低錄取標準",
        "english": ""
    },
    {
        "chinese": "分辨率",
        "taiwanese": "解析度",
        "english": "Resolution"
    },
    {
        "chinese": "列車員",
        "taiwanese": "車掌",
        "english": ""
    },
    {
        "chinese": "利比里亞",
        "taiwanese": "賴比瑞亞",
        "english": "The Republic of Liberia"
    },
    {
        "chinese": "利稅",
        "taiwanese": "營業稅",
        "english": ""
    },
    {
        "chinese": "利索",
        "taiwanese": "俐落、乾脆",
        "english": ""
    },
    {
        "chinese": "刷手機",
        "taiwanese": "滑手機",
        "english": ""
    },
    {
        "chinese": "刷新",
        "taiwanese": "重新整理",
        "english": ""
    },
    {
        "chinese": "刷新率",
        "taiwanese": "更新率",
        "english": ""
    },
    {
        "chinese": "剃鬚刀",
        "taiwanese": "刮鬚刀",
        "english": ""
    },
    {
        "chinese": "前方高能",
        "taiwanese": "注意",
        "english": ""
    },
    {
        "chinese": "創建",
        "taiwanese": "新增、建立",
        "english": ""
    },
    {
        "chinese": "功能變數名稱",
        "taiwanese": "網域名稱",
        "english": "Domain Name"
    },
    {
        "chinese": "動畫片",
        "taiwanese": "卡通片",
        "english": ""
    },
    {
        "chinese": "勞動保險",
        "taiwanese": "勞工保險",
        "english": ""
    },
    {
        "chinese": "勞逸結合",
        "taiwanese": "適時休息",
        "english": ""
    },
    {
        "chinese": "包郵",
        "taiwanese": "含運",
        "english": ""
    },
    {
        "chinese": "北京時間",
        "taiwanese": "中原標準時間",
        "english": ""
    },
    {
        "chinese": "匹配",
        "taiwanese": "比對",
        "english": "Match"
    },
    {
        "chinese": "升級",
        "taiwanese": "更新",
        "english": "update"
    },
    {
        "chinese": "半包價式旅遊",
        "taiwanese": "半自助式旅遊",
        "english": ""
    },
    {
        "chinese": "半截美，的士頭",
        "taiwanese": "發財車",
        "english": ""
    },
    {
        "chinese": "半邊家庭",
        "taiwanese": "單親家庭",
        "english": ""
    },
    {
        "chinese": "協議",
        "taiwanese": "協定",
        "english": ""
    },
    {
        "chinese": "博主",
        "taiwanese": "部落客/youtuber/KOL/穿搭帳",
        "english": "blogger"
    },
    {
        "chinese": "博取眼球",
        "taiwanese": "引人注目、吸睛",
        "english": ""
    },
    {
        "chinese": "博客",
        "taiwanese": "部落格",
        "english": ""
    },
    {
        "chinese": "卡塔爾",
        "taiwanese": "卡達",
        "english": "The State of Qatar"
    },
    {
        "chinese": "危地馬拉",
        "taiwanese": "瓜地馬拉",
        "english": "Republic of Guatemala"
    },
    {
        "chinese": "卸載",
        "taiwanese": "移除",
        "english": ""
    },
    {
        "chinese": "厄瓜多爾",
        "taiwanese": "厄瓜多",
        "english": "The Republic of Ecuador"
    },
    {
        "chinese": "原珠筆",
        "taiwanese": "原子筆",
        "english": ""
    },
    {
        "chinese": "原音帶",
        "taiwanese": "原聲帶",
        "english": ""
    },
    {
        "chinese": "反安裝",
        "taiwanese": "解除安裝",
        "english": ""
    },
    {
        "chinese": "反饋",
        "taiwanese": "反應、回饋",
        "english": ""
    },
    {
        "chinese": "受獎產品",
        "taiwanese": "得獎產品",
        "english": ""
    },
    {
        "chinese": "受眾",
        "taiwanese": "閱聽人",
        "english": ""
    },
    {
        "chinese": "句柄",
        "taiwanese": "控制代碼",
        "english": ""
    },
    {
        "chinese": "句號",
        "taiwanese": "句點",
        "english": "period"
    },
    {
        "chinese": "只讀存儲器",
        "taiwanese": "唯讀記憶體",
        "english": ""
    },
    {
        "chinese": "可視會議 / 視頻會議",
        "taiwanese": "視訊會議",
        "english": "Video conference"
    },
    {
        "chinese": "台式PC",
        "taiwanese": "桌電",
        "english": "Desktop"
    },
    {
        "chinese": "吃瓜",
        "taiwanese": "看八卦、看戲",
        "english": ""
    },
    {
        "chinese": "合同",
        "taiwanese": "合約",
        "english": "contract"
    },
    {
        "chinese": "吊空",
        "taiwanese": "暴漲",
        "english": ""
    },
    {
        "chinese": "吧唧",
        "taiwanese": "胸章",
        "english": ""
    },
    {
        "chinese": "含金量",
        "taiwanese": "知識含量、潛在價值、內涵",
        "english": ""
    },
    {
        "chinese": "吸引眼球",
        "taiwanese": "引人矚目、目不轉睛",
        "english": ""
    },
    {
        "chinese": "吹喇叭",
        "taiwanese": "拍馬屁",
        "english": ""
    },
    {
        "chinese": "咋的",
        "taiwanese": "怎麼樣、不管怎樣",
        "english": ""
    },
    {
        "chinese": "哥特式藝術",
        "taiwanese": "哥德式藝術",
        "english": ""
    },
    {
        "chinese": "唯書",
        "taiwanese": "死讀書",
        "english": ""
    },
    {
        "chinese": "商標菜",
        "taiwanese": "招牌菜",
        "english": ""
    },
    {
        "chinese": "啞光",
        "taiwanese": "霧面",
        "english": "matte"
    },
    {
        "chinese": "喇叭筒",
        "taiwanese": "麥克風、擴音器",
        "english": ""
    },
    {
        "chinese": "單位",
        "taiwanese": "組織、部門",
        "english": ""
    },
    {
        "chinese": "單本劇",
        "taiwanese": "單元劇",
        "english": ""
    },
    {
        "chinese": "單身狗",
        "taiwanese": "單身漢",
        "english": ""
    },
    {
        "chinese": "嘎了",
        "taiwanese": "死了",
        "english": ""
    },
    {
        "chinese": "嘎嘎好吃",
        "taiwanese": "超好吃",
        "english": ""
    },
    {
        "chinese": "嘴替",
        "taiwanese": "代言人、發聲筒",
        "english": ""
    },
    {
        "chinese": "噴子",
        "taiwanese": "嘴砲、白目、耍嘴皮子",
        "english": ""
    },
    {
        "chinese": "四愛",
        "taiwanese": "女攻男受",
        "english": ""
    },
    {
        "chinese": "回放",
        "taiwanese": "重播",
        "english": "replay"
    },
    {
        "chinese": "回滾",
        "taiwanese": "回溯、還原",
        "english": ""
    },
    {
        "chinese": "回車",
        "taiwanese": "enter",
        "english": ""
    },
    {
        "chinese": "回頭客",
        "taiwanese": "常客，老顧客",
        "english": ""
    },
    {
        "chinese": "固件",
        "taiwanese": "韌體",
        "english": ""
    },
    {
        "chinese": "固態硬盤",
        "taiwanese": "固態硬碟",
        "english": "SSD"
    },
    {
        "chinese": "圈粉",
        "taiwanese": "粉絲",
        "english": ""
    },
    {
        "chinese": "圈錢",
        "taiwanese": "騙錢",
        "english": ""
    },
    {
        "chinese": "國企",
        "taiwanese": "國營事業",
        "english": ""
    },
    {
        "chinese": "圖像",
        "taiwanese": "影像",
        "english": ""
    },
    {
        "chinese": "圖元",
        "taiwanese": "像素",
        "english": "Pixel"
    },
    {
        "chinese": "圖標",
        "taiwanese": "圖示",
        "english": ""
    },
    {
        "chinese": "圖瓦盧",
        "taiwanese": "吐瓦魯",
        "english": "Tuvalu"
    },
    {
        "chinese": "土豆",
        "taiwanese": "馬鈴薯",
        "english": ""
    },
    {
        "chinese": "土豆條",
        "taiwanese": "薯條",
        "english": ""
    },
    {
        "chinese": "在線",
        "taiwanese": "線上",
        "english": "Online"
    },
    {
        "chinese": "坦桑尼亞",
        "taiwanese": "坦尚尼亞",
        "english": "The United Republic of Tanzania"
    },
    {
        "chinese": "埠口",
        "taiwanese": "通訊埠",
        "english": ""
    },
    {
        "chinese": "培訓",
        "taiwanese": "教育訓練",
        "english": "Training"
    },
    {
        "chinese": "報文 / 包文",
        "taiwanese": "封包",
        "english": "Packet"
    },
    {
        "chinese": "堵車",
        "taiwanese": "塞車",
        "english": "traffic jam"
    },
    {
        "chinese": "塑料",
        "taiwanese": "塑膠、塑膠微粒",
        "english": ""
    },
    {
        "chinese": "塑料袋",
        "taiwanese": "塑膠袋",
        "english": "plastic bag"
    },
    {
        "chinese": "壁紙",
        "taiwanese": "桌面",
        "english": "desktop"
    },
    {
        "chinese": "外圍設備",
        "taiwanese": "周邊設備",
        "english": ""
    },
    {
        "chinese": "多國家公司",
        "taiwanese": "跨國公司",
        "english": ""
    },
    {
        "chinese": "多端控制器",
        "taiwanese": "多端控制器",
        "english": "Multipoint Control Unit MCU"
    },
    {
        "chinese": "夜餐",
        "taiwanese": "宵夜",
        "english": ""
    },
    {
        "chinese": "大佬",
        "taiwanese": "高手、大大",
        "english": ""
    },
    {
        "chinese": "大實話",
        "taiwanese": "真心話、實話、人話",
        "english": ""
    },
    {
        "chinese": "大概率",
        "taiwanese": "大概、有機率",
        "english": ""
    },
    {
        "chinese": "大氣污染",
        "taiwanese": "空氣污染",
        "english": ""
    },
    {
        "chinese": "大秀一波",
        "taiwanese": "大顯身手、展現",
        "english": ""
    },
    {
        "chinese": "大腕",
        "taiwanese": "重量級人物",
        "english": ""
    },
    {
        "chinese": "大鍋",
        "taiwanese": "小耳朵",
        "english": ""
    },
    {
        "chinese": "大面積",
        "taiwanese": "大範圍",
        "english": ""
    },
    {
        "chinese": "天花板",
        "taiwanese": "xx界的勞斯萊斯/佼佼者",
        "english": ""
    },
    {
        "chinese": "太卷了",
        "taiwanese": "過度競爭、內鬥",
        "english": "too competitive"
    },
    {
        "chinese": "太牛了",
        "taiwanese": "太強了",
        "english": "too strong"
    },
    {
        "chinese": "夾子音",
        "taiwanese": "很ㄋㄟ",
        "english": ""
    },
    {
        "chinese": "奇葩",
        "taiwanese": "怪胎",
        "english": ""
    },
    {
        "chinese": "套娃",
        "taiwanese": "巢狀、模仿",
        "english": ""
    },
    {
        "chinese": "套服",
        "taiwanese": "套裝",
        "english": ""
    },
    {
        "chinese": "套路",
        "taiwanese": "手法、劇本、老梗",
        "english": ""
    },
    {
        "chinese": "奧術魔刃",
        "taiwanese": "ASMR",
        "english": ""
    },
    {
        "chinese": "奶茶",
        "taiwanese": "珍奶/手搖/飲料",
        "english": "bubble tea"
    },
    {
        "chinese": "妹紙",
        "taiwanese": "女生、正妹",
        "english": ""
    },
    {
        "chinese": "姥姥",
        "taiwanese": "奶奶/阿嬤/阿婆",
        "english": "grandma"
    },
    {
        "chinese": "婚外戀",
        "taiwanese": "婚外情",
        "english": ""
    },
    {
        "chinese": "媽生",
        "taiwanese": "天生",
        "english": "natural"
    },
    {
        "chinese": "嫩膚",
        "taiwanese": "護膚",
        "english": ""
    },
    {
        "chinese": "子網掩碼",
        "taiwanese": "子網路遮罩",
        "english": "Subnet Mask"
    },
    {
        "chinese": "字段",
        "taiwanese": "資料欄",
        "english": ""
    },
    {
        "chinese": "字符",
        "taiwanese": "字元",
        "english": ""
    },
    {
        "chinese": "字符串",
        "taiwanese": "字串",
        "english": ""
    },
    {
        "chinese": "字節",
        "taiwanese": "位元組",
        "english": ""
    },
    {
        "chinese": "存儲",
        "taiwanese": "儲存",
        "english": "Save"
    },
    {
        "chinese": "學渣",
        "taiwanese": "吊車尾、後段班",
        "english": ""
    },
    {
        "chinese": "學霸",
        "taiwanese": "資優生",
        "english": ""
    },
    {
        "chinese": "宏",
        "taiwanese": "巨集",
        "english": ""
    },
    {
        "chinese": "官宣",
        "taiwanese": "正式宣布、發表/公開",
        "english": "official announcement"
    },
    {
        "chinese": "寄",
        "taiwanese": "完蛋了、GG",
        "english": ""
    },
    {
        "chinese": "富二代",
        "taiwanese": "小開",
        "english": ""
    },
    {
        "chinese": "實屬",
        "taiwanese": "確實",
        "english": ""
    },
    {
        "chinese": "實打實",
        "taiwanese": "穩紮穩打、實實在在",
        "english": ""
    },
    {
        "chinese": "實時",
        "taiwanese": "即時",
        "english": ""
    },
    {
        "chinese": "實錘",
        "taiwanese": "證實",
        "english": ""
    },
    {
        "chinese": "寬心丸",
        "taiwanese": "定心丸",
        "english": ""
    },
    {
        "chinese": "寶寶",
        "taiwanese": "寶貝/北鼻",
        "english": ""
    },
    {
        "chinese": "封禁",
        "taiwanese": "封鎖",
        "english": ""
    },
    {
        "chinese": "專列",
        "taiwanese": "加班車",
        "english": ""
    },
    {
        "chinese": "尋呼",
        "taiwanese": "呼叫",
        "english": ""
    },
    {
        "chinese": "尋思",
        "taiwanese": "想說、深思熟慮",
        "english": ""
    },
    {
        "chinese": "導火索",
        "taiwanese": "導火線",
        "english": ""
    },
    {
        "chinese": "小作文",
        "taiwanese": "小論文",
        "english": ""
    },
    {
        "chinese": "小區",
        "taiwanese": "社區",
        "english": "community"
    },
    {
        "chinese": "小哥哥",
        "taiwanese": "大哥/阿弟仔",
        "english": ""
    },
    {
        "chinese": "小型單放機",
        "taiwanese": "隨身聽",
        "english": ""
    },
    {
        "chinese": "小太陽，小皇帝",
        "taiwanese": "獨生子，獨生女",
        "english": ""
    },
    {
        "chinese": "小姊姊",
        "taiwanese": "大姐/阿妹仔",
        "english": ""
    },
    {
        "chinese": "小帳",
        "taiwanese": "小費",
        "english": ""
    },
    {
        "chinese": "小號",
        "taiwanese": "分身帳號",
        "english": ""
    },
    {
        "chinese": "小金庫",
        "taiwanese": "私房錢",
        "english": ""
    },
    {
        "chinese": "小電驢",
        "taiwanese": "電動自行車",
        "english": ""
    },
    {
        "chinese": "尖子",
        "taiwanese": "傑出人士",
        "english": ""
    },
    {
        "chinese": "尖端",
        "taiwanese": "頂尖",
        "english": "advanced"
    },
    {
        "chinese": "尬黑",
        "taiwanese": "抹黑、家醜外揚",
        "english": ""
    },
    {
        "chinese": "尾氣測量",
        "taiwanese": "排氣測量",
        "english": ""
    },
    {
        "chinese": "尿性",
        "taiwanese": "個性、德性",
        "english": ""
    },
    {
        "chinese": "局域網",
        "taiwanese": "區域網路",
        "english": "LAN"
    },
    {
        "chinese": "居民身分證",
        "taiwanese": "國民身分證",
        "english": ""
    },
    {
        "chinese": "屏保",
        "taiwanese": "螢幕保護",
        "english": ""
    },
    {
        "chinese": "屏幕",
        "taiwanese": "螢幕",
        "english": "screen"
    },
    {
        "chinese": "屏幕文字",
        "taiwanese": "字幕",
        "english": ""
    },
    {
        "chinese": "屏蔽",
        "taiwanese": "隱藏、封鎖、遮蔽",
        "english": ""
    },
    {
        "chinese": "展賣",
        "taiwanese": "展售",
        "english": ""
    },
    {
        "chinese": "屬實",
        "taiwanese": "真的是",
        "english": ""
    },
    {
        "chinese": "山寨",
        "taiwanese": "仿冒",
        "english": ""
    },
    {
        "chinese": "岡比亞",
        "taiwanese": "甘比亞",
        "english": "The Republic of the Gambia"
    },
    {
        "chinese": "崗位培訓",
        "taiwanese": "在職訓練",
        "english": ""
    },
    {
        "chinese": "嵌套",
        "taiwanese": "巢狀",
        "english": ""
    },
    {
        "chinese": "巡診",
        "taiwanese": "巡迴醫療",
        "english": ""
    },
    {
        "chinese": "工齡",
        "taiwanese": "年資",
        "english": ""
    },
    {
        "chinese": "巨",
        "taiwanese": "非常/超級",
        "english": ""
    },
    {
        "chinese": "巨大",
        "taiwanese": "龐大",
        "english": ""
    },
    {
        "chinese": "巨好吃",
        "taiwanese": "超好吃",
        "english": ""
    },
    {
        "chinese": "差評",
        "taiwanese": "負評",
        "english": "negative review"
    },
    {
        "chinese": "巴羅克藝術",
        "taiwanese": "巴洛克藝術",
        "english": ""
    },
    {
        "chinese": "巴適",
        "taiwanese": "不錯、舒適、爽到不行",
        "english": ""
    },
    {
        "chinese": "帖子",
        "taiwanese": "貼文、文章",
        "english": ""
    },
    {
        "chinese": "帶寬",
        "taiwanese": "頻寬",
        "english": "Bandwidth"
    },
    {
        "chinese": "帶感",
        "taiwanese": "有感觸、有魅力",
        "english": ""
    },
    {
        "chinese": "帶節奏",
        "taiwanese": "帶風向",
        "english": ""
    },
    {
        "chinese": "常量",
        "taiwanese": "常數",
        "english": ""
    },
    {
        "chinese": "干飯",
        "taiwanese": "吃飯",
        "english": ""
    },
    {
        "chinese": "平替",
        "taiwanese": "平價版/平民版",
        "english": ""
    },
    {
        "chinese": "幾個意思",
        "taiwanese": "什麼意思",
        "english": ""
    },
    {
        "chinese": "床上戲",
        "taiwanese": "床戲",
        "english": ""
    },
    {
        "chinese": "底層邏輯",
        "taiwanese": "主要原因、核心原理、基本邏輯",
        "english": ""
    },
    {
        "chinese": "底板價",
        "taiwanese": "基價，底價",
        "english": ""
    },
    {
        "chinese": "底氣",
        "taiwanese": "骨氣、氣勢、實力、資格、把握",
        "english": ""
    },
    {
        "chinese": "廠校掛鉤",
        "taiwanese": "建教合作",
        "english": ""
    },
    {
        "chinese": "廣告電影",
        "taiwanese": "廣告片",
        "english": ""
    },
    {
        "chinese": "引廠進店",
        "taiwanese": "專櫃",
        "english": ""
    },
    {
        "chinese": "彩電",
        "taiwanese": "彩色電視機",
        "english": ""
    },
    {
        "chinese": "彩電牆",
        "taiwanese": "電視牆",
        "english": ""
    },
    {
        "chinese": "很好的",
        "taiwanese": "妥善地",
        "english": ""
    },
    {
        "chinese": "很火",
        "taiwanese": "很紅",
        "english": "very popular"
    },
    {
        "chinese": "很絕",
        "taiwanese": "超屌/超扯",
        "english": ""
    },
    {
        "chinese": "很頂",
        "taiwanese": "很讚",
        "english": ""
    },
    {
        "chinese": "後備",
        "taiwanese": "備份",
        "english": ""
    },
    {
        "chinese": "復映片",
        "taiwanese": "二輪片",
        "english": ""
    },
    {
        "chinese": "微交易",
        "taiwanese": "小額付費",
        "english": ""
    },
    {
        "chinese": "志願者",
        "taiwanese": "志工、義工",
        "english": ""
    },
    {
        "chinese": "忙音信號",
        "taiwanese": "忙線訊號",
        "english": "busy signal"
    },
    {
        "chinese": "快班",
        "taiwanese": "資優班",
        "english": ""
    },
    {
        "chinese": "快進",
        "taiwanese": "快轉、跳到",
        "english": ""
    },
    {
        "chinese": "思路",
        "taiwanese": "思考邏輯",
        "english": ""
    },
    {
        "chinese": "性價比",
        "taiwanese": "CP值",
        "english": ""
    },
    {
        "chinese": "性格",
        "taiwanese": "個性",
        "english": "personality"
    },
    {
        "chinese": "恰飯",
        "taiwanese": "工商、業配",
        "english": ""
    },
    {
        "chinese": "悲摧",
        "taiwanese": "催淚、悲傷",
        "english": ""
    },
    {
        "chinese": "情緒價值",
        "taiwanese": "關愛、反應、觸動人心",
        "english": ""
    },
    {
        "chinese": "愛侶動物",
        "taiwanese": "寵物",
        "english": ""
    },
    {
        "chinese": "慈悲殺人",
        "taiwanese": "安樂死",
        "english": ""
    },
    {
        "chinese": "慌得一批",
        "taiwanese": "十分慌張",
        "english": ""
    },
    {
        "chinese": "慢班",
        "taiwanese": "放牛班，後段班",
        "english": ""
    },
    {
        "chinese": "慢運動",
        "taiwanese": "慢動作",
        "english": ""
    },
    {
        "chinese": "慣偷",
        "taiwanese": "慣竊",
        "english": ""
    },
    {
        "chinese": "憋屈",
        "taiwanese": "敢怒不敢言、委屈、有苦難言、彆扭",
        "english": ""
    },
    {
        "chinese": "懵逼",
        "taiwanese": "不明所以、困惑",
        "english": ""
    },
    {
        "chinese": "成服",
        "taiwanese": "成衣",
        "english": ""
    },
    {
        "chinese": "我丟",
        "taiwanese": "哇靠",
        "english": ""
    },
    {
        "chinese": "我司",
        "taiwanese": "本公司",
        "english": ""
    },
    {
        "chinese": "房齡",
        "taiwanese": "屋齡",
        "english": ""
    },
    {
        "chinese": "手刀",
        "taiwanese": "立刻",
        "english": ""
    },
    {
        "chinese": "手動檔",
        "taiwanese": "手排",
        "english": ""
    },
    {
        "chinese": "手柄",
        "taiwanese": "搖桿",
        "english": "joystick"
    },
    {
        "chinese": "手辦",
        "taiwanese": "模型、公仔、黏土人",
        "english": ""
    },
    {
        "chinese": "手雷",
        "taiwanese": "手榴彈",
        "english": ""
    },
    {
        "chinese": "手電",
        "taiwanese": "手電筒",
        "english": ""
    },
    {
        "chinese": "扎啤",
        "taiwanese": "生啤酒",
        "english": ""
    },
    {
        "chinese": "打印",
        "taiwanese": "列印",
        "english": ""
    },
    {
        "chinese": "打印機",
        "taiwanese": "列印機",
        "english": ""
    },
    {
        "chinese": "打橫泡",
        "taiwanese": "攪局",
        "english": ""
    },
    {
        "chinese": "打車",
        "taiwanese": "叫車",
        "english": "call a taxi"
    },
    {
        "chinese": "打醬油",
        "taiwanese": "湊熱鬧、偶然路過",
        "english": ""
    },
    {
        "chinese": "打錢",
        "taiwanese": "轉帳、匯款",
        "english": ""
    },
    {
        "chinese": "托幼",
        "taiwanese": "托嬰",
        "english": ""
    },
    {
        "chinese": "扯淡",
        "taiwanese": "胡扯",
        "english": ""
    },
    {
        "chinese": "批文",
        "taiwanese": "許可證",
        "english": ""
    },
    {
        "chinese": "技校",
        "taiwanese": "職業學校",
        "english": ""
    },
    {
        "chinese": "技術指標",
        "taiwanese": "技術規格",
        "english": "Technical specifications"
    },
    {
        "chinese": "抑鬱",
        "taiwanese": "憂鬱",
        "english": "depression"
    },
    {
        "chinese": "抑鬱症",
        "taiwanese": "憂鬱症",
        "english": "depression"
    },
    {
        "chinese": "抓空字",
        "taiwanese": "抽空",
        "english": ""
    },
    {
        "chinese": "抖色",
        "taiwanese": "遞色",
        "english": ""
    },
    {
        "chinese": "抽風",
        "taiwanese": "故障、發神經",
        "english": ""
    },
    {
        "chinese": "拉滿",
        "taiwanese": "十足、爆表",
        "english": ""
    },
    {
        "chinese": "拉胯",
        "taiwanese": "糟糕、不理想",
        "english": ""
    },
    {
        "chinese": "拉黑",
        "taiwanese": "封鎖",
        "english": "block"
    },
    {
        "chinese": "挺",
        "taiwanese": "滿/很",
        "english": ""
    },
    {
        "chinese": "掃描儀",
        "taiwanese": "掃描器",
        "english": "scanner"
    },
    {
        "chinese": "掉線",
        "taiwanese": "斷線、分心、智商太低",
        "english": ""
    },
    {
        "chinese": "掙錢",
        "taiwanese": "賺錢",
        "english": ""
    },
    {
        "chinese": "掛機",
        "taiwanese": "連線",
        "english": ""
    },
    {
        "chinese": "探店",
        "taiwanese": "踩點/跑咖",
        "english": ""
    },
    {
        "chinese": "探親假",
        "taiwanese": "省親假",
        "english": ""
    },
    {
        "chinese": "接口",
        "taiwanese": "介面",
        "english": "Interface"
    },
    {
        "chinese": "接地氣",
        "taiwanese": "親民",
        "english": ""
    },
    {
        "chinese": "插眼",
        "taiwanese": "之後再看",
        "english": ""
    },
    {
        "chinese": "揭彩",
        "taiwanese": "剪綵",
        "english": ""
    },
    {
        "chinese": "搞事",
        "taiwanese": "惹事生非、鬧事",
        "english": ""
    },
    {
        "chinese": "摩的",
        "taiwanese": "機車",
        "english": ""
    },
    {
        "chinese": "摳圖",
        "taiwanese": "去背",
        "english": ""
    },
    {
        "chinese": "撥號工具",
        "taiwanese": "撥號器",
        "english": "dialer"
    },
    {
        "chinese": "撸鐵",
        "taiwanese": "健身",
        "english": "workout"
    },
    {
        "chinese": "撿漏",
        "taiwanese": "重新利用",
        "english": ""
    },
    {
        "chinese": "操作系統",
        "taiwanese": "作業系統",
        "english": ""
    },
    {
        "chinese": "擴展",
        "taiwanese": "擴展",
        "english": "extenglishd"
    },
    {
        "chinese": "擴展塢",
        "taiwanese": "擴充埠",
        "english": ""
    },
    {
        "chinese": "擴銷",
        "taiwanese": "促銷",
        "english": ""
    },
    {
        "chinese": "攝像",
        "taiwanese": "攝影",
        "english": "photography"
    },
    {
        "chinese": "攝像機",
        "taiwanese": "攝影機",
        "english": ""
    },
    {
        "chinese": "攝像頭",
        "taiwanese": "相機、鏡頭",
        "english": ""
    },
    {
        "chinese": "攤床，攤檔",
        "taiwanese": "攤位",
        "english": ""
    },
    {
        "chinese": "支持",
        "taiwanese": "支援",
        "english": ""
    },
    {
        "chinese": "收轉臺",
        "taiwanese": "轉播站",
        "english": ""
    },
    {
        "chinese": "攻關",
        "taiwanese": "突破瓶頸",
        "english": ""
    },
    {
        "chinese": "放飛自我",
        "taiwanese": "隨心所欲、不受拘束",
        "english": ""
    },
    {
        "chinese": "政治避難",
        "taiwanese": "政治庇護",
        "english": ""
    },
    {
        "chinese": "故事片",
        "taiwanese": "劇情片",
        "english": ""
    },
    {
        "chinese": "救命電話",
        "taiwanese": "生命線",
        "english": ""
    },
    {
        "chinese": "救生盒",
        "taiwanese": "急救箱",
        "english": ""
    },
    {
        "chinese": "教程",
        "taiwanese": "教學",
        "english": "tutorial"
    },
    {
        "chinese": "教齡",
        "taiwanese": "教學年資",
        "english": ""
    },
    {
        "chinese": "散件",
        "taiwanese": "零件",
        "english": ""
    },
    {
        "chinese": "散架",
        "taiwanese": "解體、撐不住",
        "english": ""
    },
    {
        "chinese": "散粉",
        "taiwanese": "蜜粉",
        "english": "setting powder"
    },
    {
        "chinese": "數字唱片",
        "taiwanese": "數位唱片",
        "english": ""
    },
    {
        "chinese": "數據",
        "taiwanese": "資料",
        "english": "Data"
    },
    {
        "chinese": "數據包丟失",
        "taiwanese": "封包遺失",
        "english": "Packet Loss"
    },
    {
        "chinese": "數據庫",
        "taiwanese": "資料庫",
        "english": ""
    },
    {
        "chinese": "數碼",
        "taiwanese": "數位",
        "english": "Digital"
    },
    {
        "chinese": "文件",
        "taiwanese": "資料、檔案",
        "english": ""
    },
    {
        "chinese": "文娛活動",
        "taiwanese": "康樂活動",
        "english": ""
    },
    {
        "chinese": "文本",
        "taiwanese": "文字、劇本、劇情、文案",
        "english": ""
    },
    {
        "chinese": "文檔",
        "taiwanese": "文件、說明書",
        "english": ""
    },
    {
        "chinese": "斯威士蘭",
        "taiwanese": "史瓦濟蘭",
        "english": "The Kingdom of Swaziland"
    },
    {
        "chinese": "新建",
        "taiwanese": "新增、建立",
        "english": ""
    },
    {
        "chinese": "新西蘭",
        "taiwanese": "紐西蘭",
        "english": "New Zealand"
    },
    {
        "chinese": "斷檔、缺售",
        "taiwanese": "缺貨",
        "english": ""
    },
    {
        "chinese": "方便面",
        "taiwanese": "泡麵",
        "english": "instant noodles"
    },
    {
        "chinese": "方便麵",
        "taiwanese": "生力麵、速食麵",
        "english": ""
    },
    {
        "chinese": "旅遊局",
        "taiwanese": "觀光局",
        "english": ""
    },
    {
        "chinese": "旅遊車",
        "taiwanese": "遊覽車",
        "english": ""
    },
    {
        "chinese": "旅遊農業",
        "taiwanese": "觀光農業",
        "english": ""
    },
    {
        "chinese": "早上好",
        "taiwanese": "早安",
        "english": "good morning"
    },
    {
        "chinese": "旺銷，快銷",
        "taiwanese": "暢銷",
        "english": ""
    },
    {
        "chinese": "易拉罐",
        "taiwanese": "易開罐",
        "english": ""
    },
    {
        "chinese": "晚上好",
        "taiwanese": "晚安",
        "english": ""
    },
    {
        "chinese": "普利策獎",
        "taiwanese": "普利茲獎",
        "english": ""
    },
    {
        "chinese": "智力玩具",
        "taiwanese": "益智玩具",
        "english": ""
    },
    {
        "chinese": "智殘人",
        "taiwanese": "智障人士",
        "english": ""
    },
    {
        "chinese": "智能",
        "taiwanese": "智慧",
        "english": ""
    },
    {
        "chinese": "最頂",
        "taiwanese": "最好、最帥、最厲害、巔峰",
        "english": ""
    },
    {
        "chinese": "有一說一",
        "taiwanese": "平心而論、實話實說、說真的",
        "english": ""
    },
    {
        "chinese": "朋克",
        "taiwanese": "龐克",
        "english": "punk"
    },
    {
        "chinese": "朋友圈",
        "taiwanese": "交友圈",
        "english": ""
    },
    {
        "chinese": "朋客",
        "taiwanese": "龐克族",
        "english": ""
    },
    {
        "chinese": "服務員",
        "taiwanese": "服務生、店員",
        "english": ""
    },
    {
        "chinese": "服務器",
        "taiwanese": "伺服器",
        "english": "server"
    },
    {
        "chinese": "期房",
        "taiwanese": "預售屋",
        "english": ""
    },
    {
        "chinese": "本地化",
        "taiwanese": "在地化、道地",
        "english": ""
    },
    {
        "chinese": "本科",
        "taiwanese": "大學、大學部",
        "english": "undergraduate"
    },
    {
        "chinese": "本科生",
        "taiwanese": "大學生",
        "english": ""
    },
    {
        "chinese": "杯具",
        "taiwanese": "倒楣、慘了",
        "english": ""
    },
    {
        "chinese": "查找",
        "taiwanese": "搜尋、尋找",
        "english": ""
    },
    {
        "chinese": "桑拿浴",
        "taiwanese": "三溫暖",
        "english": ""
    },
    {
        "chinese": "條形碼",
        "taiwanese": "條碼",
        "english": ""
    },
    {
        "chinese": "業餘活動",
        "taiwanese": "休閒活動",
        "english": ""
    },
    {
        "chinese": "槓",
        "taiwanese": "嗆",
        "english": ""
    },
    {
        "chinese": "樂子人",
        "taiwanese": "唯恐天下不亂、愉悅犯",
        "english": ""
    },
    {
        "chinese": "模塊",
        "taiwanese": "模組",
        "english": ""
    },
    {
        "chinese": "模板",
        "taiwanese": "樣板、範本",
        "english": ""
    },
    {
        "chinese": "樣板",
        "taiwanese": "模範",
        "english": ""
    },
    {
        "chinese": "樣片",
        "taiwanese": "試片，試映片",
        "english": ""
    },
    {
        "chinese": "檔次",
        "taiwanese": "等級",
        "english": ""
    },
    {
        "chinese": "歇班",
        "taiwanese": "休假",
        "english": ""
    },
    {
        "chinese": "步行街",
        "taiwanese": "行人徒步區",
        "english": ""
    },
    {
        "chinese": "步談機",
        "taiwanese": "對講機",
        "english": ""
    },
    {
        "chinese": "武術",
        "taiwanese": "國術",
        "english": ""
    },
    {
        "chinese": "死機",
        "taiwanese": "當機",
        "english": ""
    },
    {
        "chinese": "殘次品",
        "taiwanese": "瑕疵品",
        "english": ""
    },
    {
        "chinese": "比特率",
        "taiwanese": "位元率",
        "english": "Bit rate"
    },
    {
        "chinese": "毛玻璃",
        "taiwanese": "磨砂玻璃",
        "english": ""
    },
    {
        "chinese": "毛腳女婿",
        "taiwanese": "準女婿",
        "english": ""
    },
    {
        "chinese": "毛腳媳婦",
        "taiwanese": "準媳婦",
        "english": ""
    },
    {
        "chinese": "民政局",
        "taiwanese": "戶政事務所",
        "english": ""
    },
    {
        "chinese": "民樂",
        "taiwanese": "國樂",
        "english": ""
    },
    {
        "chinese": "氛圍感",
        "taiwanese": "vibe/feel(fu)",
        "english": "vibe"
    },
    {
        "chinese": "水平",
        "taiwanese": "水準",
        "english": "level"
    },
    {
        "chinese": "水門汀",
        "taiwanese": "水泥",
        "english": ""
    },
    {
        "chinese": "沒可能",
        "taiwanese": "不可能",
        "english": ""
    },
    {
        "chinese": "沒毛病",
        "taiwanese": "沒什麼問題、習慣了、很合理、好喔",
        "english": ""
    },
    {
        "chinese": "沒誰了",
        "taiwanese": "無人能敵、敗給你、天兵",
        "english": ""
    },
    {
        "chinese": "河蟹",
        "taiwanese": "審查",
        "english": ""
    },
    {
        "chinese": "沸點新聞",
        "taiwanese": "焦點新聞",
        "english": ""
    },
    {
        "chinese": "油管",
        "taiwanese": "YouTube",
        "english": ""
    },
    {
        "chinese": "治癒",
        "taiwanese": "療癒",
        "english": "healing"
    },
    {
        "chinese": "注銷",
        "taiwanese": "登出",
        "english": "Logout"
    },
    {
        "chinese": "洗面奶",
        "taiwanese": "洗面乳",
        "english": "facial cleanser"
    },
    {
        "chinese": "洗髮水",
        "taiwanese": "洗髮精",
        "english": ""
    },
    {
        "chinese": "流媒體",
        "taiwanese": "串流媒體",
        "english": ""
    },
    {
        "chinese": "流水線",
        "taiwanese": "生產線",
        "english": ""
    },
    {
        "chinese": "浪頭",
        "taiwanese": "潮流，浪潮",
        "english": ""
    },
    {
        "chinese": "浴霸",
        "taiwanese": "浴室暖風機",
        "english": ""
    },
    {
        "chinese": "海量",
        "taiwanese": "大量、眾多",
        "english": ""
    },
    {
        "chinese": "消息",
        "taiwanese": "訊息",
        "english": "message"
    },
    {
        "chinese": "混血車",
        "taiwanese": "拼裝車",
        "english": ""
    },
    {
        "chinese": "渠道",
        "taiwanese": "管道、通路",
        "english": ""
    },
    {
        "chinese": "港客",
        "taiwanese": "香港觀光客",
        "english": ""
    },
    {
        "chinese": "渲染",
        "taiwanese": "彩現、算繪",
        "english": ""
    },
    {
        "chinese": "渲染管線",
        "taiwanese": "彩現方式",
        "english": ""
    },
    {
        "chinese": "湯加",
        "taiwanese": "東加",
        "english": "The Kingdom of Tonga"
    },
    {
        "chinese": "滑坡",
        "taiwanese": "下滑",
        "english": ""
    },
    {
        "chinese": "演示",
        "taiwanese": "範例",
        "english": ""
    },
    {
        "chinese": "漢姆雷特",
        "taiwanese": "哈姆雷特",
        "english": ""
    },
    {
        "chinese": "潑髒水",
        "taiwanese": "造謠",
        "english": ""
    },
    {
        "chinese": "潤",
        "taiwanese": "移民、快逃",
        "english": ""
    },
    {
        "chinese": "激光",
        "taiwanese": "雷射",
        "english": ""
    },
    {
        "chinese": "激光唱機",
        "taiwanese": "雷射唱盤",
        "english": ""
    },
    {
        "chinese": "激光打印機",
        "taiwanese": "雷射印表機",
        "english": ""
    },
    {
        "chinese": "激光視盤",
        "taiwanese": "影碟",
        "english": ""
    },
    {
        "chinese": "激活",
        "taiwanese": "啟用",
        "english": "Activation"
    },
    {
        "chinese": "激活碼",
        "taiwanese": "啟動序號",
        "english": ""
    },
    {
        "chinese": "灰色影片",
        "taiwanese": "大爛片",
        "english": ""
    },
    {
        "chinese": "炊事員",
        "taiwanese": "廚師",
        "english": ""
    },
    {
        "chinese": "炸魚",
        "taiwanese": "碾壓、虐菜、欺負新手",
        "english": ""
    },
    {
        "chinese": "無塵粉筆",
        "taiwanese": "無灰粉筆",
        "english": ""
    },
    {
        "chinese": "無用信息",
        "taiwanese": "雜訊",
        "english": ""
    },
    {
        "chinese": "無節操",
        "taiwanese": "不道德、不堪入目",
        "english": ""
    },
    {
        "chinese": "無繩電話",
        "taiwanese": "無線電話",
        "english": ""
    },
    {
        "chinese": "無語",
        "taiwanese": "無言",
        "english": "speechless"
    },
    {
        "chinese": "熒光屏",
        "taiwanese": "螢光幕",
        "english": ""
    },
    {
        "chinese": "熱貨",
        "taiwanese": "搶手貨",
        "english": ""
    },
    {
        "chinese": "熱銷",
        "taiwanese": "熱賣",
        "english": ""
    },
    {
        "chinese": "營銷",
        "taiwanese": "行銷、推廣",
        "english": ""
    },
    {
        "chinese": "爆冷",
        "taiwanese": "爆冷門",
        "english": ""
    },
    {
        "chinese": "爆棚",
        "taiwanese": "十足、破表",
        "english": ""
    },
    {
        "chinese": "爆款",
        "taiwanese": "人氣",
        "english": ""
    },
    {
        "chinese": "爹味",
        "taiwanese": "很直男",
        "english": ""
    },
    {
        "chinese": "牛油",
        "taiwanese": "奶油",
        "english": "butter"
    },
    {
        "chinese": "牛油果",
        "taiwanese": "酪梨",
        "english": "avocado"
    },
    {
        "chinese": "牛逼",
        "taiwanese": "厲害",
        "english": ""
    },
    {
        "chinese": "牛鼻子",
        "taiwanese": "關鍵、要害",
        "english": ""
    },
    {
        "chinese": "特別",
        "taiwanese": "很",
        "english": ""
    },
    {
        "chinese": "狗子",
        "taiwanese": "狗、朋友",
        "english": ""
    },
    {
        "chinese": "狼性",
        "taiwanese": "野心",
        "english": ""
    },
    {
        "chinese": "獲得者",
        "taiwanese": "得主",
        "english": ""
    },
    {
        "chinese": "獼猴桃",
        "taiwanese": "奇異果",
        "english": "kiwi"
    },
    {
        "chinese": "玩脫了",
        "taiwanese": "玩過頭、過火了",
        "english": ""
    },
    {
        "chinese": "現實很骨感",
        "taiwanese": "現實很殘酷",
        "english": ""
    },
    {
        "chinese": "現房",
        "taiwanese": "成屋",
        "english": ""
    },
    {
        "chinese": "瑙魯",
        "taiwanese": "諾魯",
        "english": "The Republic of Nauru"
    },
    {
        "chinese": "生活碎片",
        "taiwanese": "生活點滴",
        "english": ""
    },
    {
        "chinese": "生物食品",
        "taiwanese": "天然食品",
        "english": ""
    },
    {
        "chinese": "用戶",
        "taiwanese": "使用者",
        "english": "User"
    },
    {
        "chinese": "甩賣",
        "taiwanese": "拋售",
        "english": ""
    },
    {
        "chinese": "畢加索",
        "taiwanese": "畢卡索",
        "english": ""
    },
    {
        "chinese": "異地戀",
        "taiwanese": "遠距離",
        "english": "long distance relationship"
    },
    {
        "chinese": "當前",
        "taiwanese": "目前",
        "english": ""
    },
    {
        "chinese": "病休",
        "taiwanese": "請病假",
        "english": ""
    },
    {
        "chinese": "登錄",
        "taiwanese": "登入",
        "english": ""
    },
    {
        "chinese": "發光二極管",
        "taiwanese": "發光二極體",
        "english": ""
    },
    {
        "chinese": "發照片",
        "taiwanese": "傳照片",
        "english": "send photo"
    },
    {
        "chinese": "發貨",
        "taiwanese": "出貨",
        "english": "ship"
    },
    {
        "chinese": "白嫖",
        "taiwanese": "免費拿、白吃白喝",
        "english": ""
    },
    {
        "chinese": "白班",
        "taiwanese": "日班",
        "english": ""
    },
    {
        "chinese": "白給",
        "taiwanese": "送頭",
        "english": ""
    },
    {
        "chinese": "盒飯",
        "taiwanese": "便當",
        "english": ""
    },
    {
        "chinese": "監控",
        "taiwanese": "監視器",
        "english": ""
    },
    {
        "chinese": "監督電話",
        "taiwanese": "投訴電話",
        "english": ""
    },
    {
        "chinese": "盧旺達",
        "taiwanese": "盧安達",
        "english": "The Republic of Rwanda"
    },
    {
        "chinese": "盲人學校",
        "taiwanese": "啟明學校",
        "english": ""
    },
    {
        "chinese": "盲區",
        "taiwanese": "盲點",
        "english": ""
    },
    {
        "chinese": "直白",
        "taiwanese": "直接、明確",
        "english": ""
    },
    {
        "chinese": "直觀",
        "taiwanese": "直覺",
        "english": ""
    },
    {
        "chinese": "相冊",
        "taiwanese": "相簿",
        "english": ""
    },
    {
        "chinese": "省心",
        "taiwanese": "不操心、少費心",
        "english": ""
    },
    {
        "chinese": "省流",
        "taiwanese": "懶人包、長話短說",
        "english": ""
    },
    {
        "chinese": "真香",
        "taiwanese": "真棒、被打臉、嘴巴說不要，身體卻很誠實",
        "english": ""
    },
    {
        "chinese": "矢量",
        "taiwanese": "向量",
        "english": ""
    },
    {
        "chinese": "知識密集",
        "taiwanese": "技術密集",
        "english": ""
    },
    {
        "chinese": "知識產權",
        "taiwanese": "智慧財產權",
        "english": ""
    },
    {
        "chinese": "短板",
        "taiwanese": "缺點、缺陷",
        "english": ""
    },
    {
        "chinese": "破口",
        "taiwanese": "漏洞",
        "english": ""
    },
    {
        "chinese": "破壁機",
        "taiwanese": "果汁機",
        "english": ""
    },
    {
        "chinese": "破碼器",
        "taiwanese": "解碼器",
        "english": ""
    },
    {
        "chinese": "破防",
        "taiwanese": "崩潰",
        "english": ""
    },
    {
        "chinese": "硅膠",
        "taiwanese": "矽膠",
        "english": "silicon"
    },
    {
        "chinese": "硅藻土",
        "taiwanese": "矽藻土",
        "english": ""
    },
    {
        "chinese": "硬件",
        "taiwanese": "硬體",
        "english": ""
    },
    {
        "chinese": "硬傷",
        "taiwanese": "致命傷、痛點",
        "english": ""
    },
    {
        "chinese": "硬控",
        "taiwanese": "暈船、目不轉睛、浪費時間、傻掉",
        "english": ""
    },
    {
        "chinese": "硬核",
        "taiwanese": "哈扣/硬派",
        "english": "hardcore"
    },
    {
        "chinese": "硬盤",
        "taiwanese": "硬碟",
        "english": ""
    },
    {
        "chinese": "碰瓷",
        "taiwanese": "假車禍、敲竹槓",
        "english": ""
    },
    {
        "chinese": "社交網站",
        "taiwanese": "社群網站",
        "english": "social media"
    },
    {
        "chinese": "社交軟體",
        "taiwanese": "社群軟體",
        "english": "social softaiwaneseare"
    },
    {
        "chinese": "社牛",
        "taiwanese": "熱情",
        "english": ""
    },
    {
        "chinese": "票販子",
        "taiwanese": "黃牛",
        "english": ""
    },
    {
        "chinese": "科技與狠活",
        "taiwanese": "加工食品、化學原料",
        "english": ""
    },
    {
        "chinese": "科普",
        "taiwanese": "講解、分享、小常識",
        "english": ""
    },
    {
        "chinese": "科研",
        "taiwanese": "直接講領域",
        "english": "research"
    },
    {
        "chinese": "移動電話",
        "taiwanese": "行動電話",
        "english": "Mobile phone"
    },
    {
        "chinese": "程序",
        "taiwanese": "程式",
        "english": ""
    },
    {
        "chinese": "程序員",
        "taiwanese": "程式設計師",
        "english": ""
    },
    {
        "chinese": "積分",
        "taiwanese": "點數、分數、紅利",
        "english": ""
    },
    {
        "chinese": "積攢",
        "taiwanese": "累積",
        "english": ""
    },
    {
        "chinese": "空中客車",
        "taiwanese": "空中巴士",
        "english": ""
    },
    {
        "chinese": "空哥",
        "taiwanese": "空中少爺",
        "english": ""
    },
    {
        "chinese": "空調鞋",
        "taiwanese": "氣墊鞋",
        "english": ""
    },
    {
        "chinese": "突尼斯",
        "taiwanese": "突尼西亞",
        "english": "The Republic of Tunisia"
    },
    {
        "chinese": "窗口",
        "taiwanese": "視窗",
        "english": "windows"
    },
    {
        "chinese": "立交橋",
        "taiwanese": "交流道",
        "english": ""
    },
    {
        "chinese": "立馬",
        "taiwanese": "馬上、立刻",
        "english": ""
    },
    {
        "chinese": "站著說話不腰疼",
        "taiwanese": "風涼話、高談闊論",
        "english": ""
    },
    {
        "chinese": "端口",
        "taiwanese": "埠",
        "english": "Port"
    },
    {
        "chinese": "笑星",
        "taiwanese": "諧星",
        "english": ""
    },
    {
        "chinese": "第三次浪潮",
        "taiwanese": "第三波",
        "english": ""
    },
    {
        "chinese": "第三產業",
        "taiwanese": "服務業",
        "english": ""
    },
    {
        "chinese": "第二職業",
        "taiwanese": "副業",
        "english": ""
    },
    {
        "chinese": "第二課堂",
        "taiwanese": "課外活動",
        "english": ""
    },
    {
        "chinese": "筆記本電腦",
        "taiwanese": "筆記型電腦",
        "english": "laptop computer"
    },
    {
        "chinese": "管飽",
        "taiwanese": "份量大、充裕、十足",
        "english": ""
    },
    {
        "chinese": "簡裝",
        "taiwanese": "平裝",
        "english": ""
    },
    {
        "chinese": "糟心",
        "taiwanese": "心煩/阿雜",
        "english": ""
    },
    {
        "chinese": "系列企業",
        "taiwanese": "關係企業",
        "english": ""
    },
    {
        "chinese": "糾心",
        "taiwanese": "心疼、心寒",
        "english": ""
    },
    {
        "chinese": "糾結",
        "taiwanese": "執著、惦記",
        "english": ""
    },
    {
        "chinese": "紋理",
        "taiwanese": "紋路、材質",
        "english": ""
    },
    {
        "chinese": "級別",
        "taiwanese": "層級",
        "english": "level"
    },
    {
        "chinese": "索馬里",
        "taiwanese": "索馬利亞",
        "english": "The Somali Republic"
    },
    {
        "chinese": "細狗",
        "taiwanese": "瘦皮猴",
        "english": ""
    },
    {
        "chinese": "組件",
        "taiwanese": "元件",
        "english": ""
    },
    {
        "chinese": "絕絕子",
        "taiwanese": "無人能敵",
        "english": ""
    },
    {
        "chinese": "給力",
        "taiwanese": "可靠、厲害",
        "english": ""
    },
    {
        "chinese": "統一意見",
        "taiwanese": "共識",
        "english": ""
    },
    {
        "chinese": "統考",
        "taiwanese": "聯考",
        "english": ""
    },
    {
        "chinese": "絲滑",
        "taiwanese": "滑順/無阻",
        "english": "smooth"
    },
    {
        "chinese": "綠色食品",
        "taiwanese": "健康食品",
        "english": ""
    },
    {
        "chinese": "網上",
        "taiwanese": "網路上",
        "english": ""
    },
    {
        "chinese": "網吧",
        "taiwanese": "網咖",
        "english": ""
    },
    {
        "chinese": "網暴",
        "taiwanese": "網路霸凌",
        "english": "cyberbullying"
    },
    {
        "chinese": "網民",
        "taiwanese": "網友",
        "english": "netizen"
    },
    {
        "chinese": "網絡",
        "taiwanese": "網路",
        "english": "Network"
    },
    {
        "chinese": "網關",
        "taiwanese": "閘道器",
        "english": ""
    },
    {
        "chinese": "線下",
        "taiwanese": "現場、實體",
        "english": ""
    },
    {
        "chinese": "線程",
        "taiwanese": "執行緒",
        "english": ""
    },
    {
        "chinese": "線纜",
        "taiwanese": "電纜/電線",
        "english": "Cable"
    },
    {
        "chinese": "編程",
        "taiwanese": "程式撰寫/程式設計/寫程式",
        "english": "coding"
    },
    {
        "chinese": "編程語言",
        "taiwanese": "程式語言",
        "english": ""
    },
    {
        "chinese": "緩存",
        "taiwanese": "快取",
        "english": ""
    },
    {
        "chinese": "繃不住",
        "taiwanese": "忍不住",
        "english": ""
    },
    {
        "chinese": "美刀",
        "taiwanese": "美金",
        "english": ""
    },
    {
        "chinese": "群發",
        "taiwanese": "大量轉傳",
        "english": ""
    },
    {
        "chinese": "老摳",
        "taiwanese": "吝嗇鬼",
        "english": ""
    },
    {
        "chinese": "老撾",
        "taiwanese": "寮國",
        "english": "The Lao People's Democratic Republic"
    },
    {
        "chinese": "老視眼",
        "taiwanese": "老花眼",
        "english": ""
    },
    {
        "chinese": "老鐵",
        "taiwanese": "哥們",
        "english": ""
    },
    {
        "chinese": "考研",
        "taiwanese": "考研究所",
        "english": ""
    },
    {
        "chinese": "聲霸",
        "taiwanese": "電視音響、家庭劇院",
        "english": ""
    },
    {
        "chinese": "肉雞",
        "taiwanese": "飼料雞",
        "english": ""
    },
    {
        "chinese": "肉食鴿",
        "taiwanese": "食用鴿",
        "english": ""
    },
    {
        "chinese": "肯尼亞",
        "taiwanese": "肯亞",
        "english": "Kenglishya"
    },
    {
        "chinese": "脫單",
        "taiwanese": "脫魯",
        "english": ""
    },
    {
        "chinese": "脫產",
        "taiwanese": "離職",
        "english": ""
    },
    {
        "chinese": "腦庫",
        "taiwanese": "智囊團",
        "english": ""
    },
    {
        "chinese": "腦洞大開",
        "taiwanese": "異想天開、出其不意",
        "english": ""
    },
    {
        "chinese": "腦流失",
        "taiwanese": "人才外流",
        "english": ""
    },
    {
        "chinese": "臨時戶口",
        "taiwanese": "流動戶口",
        "english": ""
    },
    {
        "chinese": "自動檔",
        "taiwanese": "自排",
        "english": ""
    },
    {
        "chinese": "自定義",
        "taiwanese": "自訂、客製化",
        "english": ""
    },
    {
        "chinese": "自帶",
        "taiwanese": "附屬、預載、本身",
        "english": ""
    },
    {
        "chinese": "自選市場",
        "taiwanese": "超級市場",
        "english": ""
    },
    {
        "chinese": "臺式計算機",
        "taiwanese": "桌上型電腦",
        "english": ""
    },
    {
        "chinese": "舉報",
        "taiwanese": "檢舉",
        "english": ""
    },
    {
        "chinese": "航班",
        "taiwanese": "班機",
        "english": ""
    },
    {
        "chinese": "色粉",
        "taiwanese": "碳粉",
        "english": ""
    },
    {
        "chinese": "艾特",
        "taiwanese": "標註、提醒",
        "english": ""
    },
    {
        "chinese": "芯片",
        "taiwanese": "晶片",
        "english": ""
    },
    {
        "chinese": "花帶子，黃帶",
        "taiwanese": "A片",
        "english": ""
    },
    {
        "chinese": "茶點",
        "taiwanese": "點心",
        "english": ""
    },
    {
        "chinese": "草泥馬",
        "taiwanese": "羊駝",
        "english": ""
    },
    {
        "chinese": "莫差特",
        "taiwanese": "莫札特",
        "english": ""
    },
    {
        "chinese": "莫桑比克",
        "taiwanese": "莫三鼻克",
        "english": "Mozambique"
    },
    {
        "chinese": "菜單",
        "taiwanese": "選單",
        "english": ""
    },
    {
        "chinese": "萌新",
        "taiwanese": "新手",
        "english": ""
    },
    {
        "chinese": "萌萌噠",
        "taiwanese": "很可愛",
        "english": ""
    },
    {
        "chinese": "薅羊毛",
        "taiwanese": "精打細算/貪小便宜/小資一波",
        "english": ""
    },
    {
        "chinese": "薌劇",
        "taiwanese": "歌仔戲",
        "english": ""
    },
    {
        "chinese": "藍屏",
        "taiwanese": "藍色畫面錯誤、當機",
        "english": ""
    },
    {
        "chinese": "蘇里南",
        "taiwanese": "蘇利南",
        "english": "Republic of Suriname"
    },
    {
        "chinese": "虧賊",
        "taiwanese": "瘋狂、鬧、狂",
        "english": ""
    },
    {
        "chinese": "蛋疼",
        "taiwanese": "頭疼、傷腦筋",
        "english": ""
    },
    {
        "chinese": "螢幕廣告",
        "taiwanese": "電視廣告",
        "english": ""
    },
    {
        "chinese": "螺絲批",
        "taiwanese": "螺絲起子",
        "english": ""
    },
    {
        "chinese": "衛生巾",
        "taiwanese": "衛生棉",
        "english": ""
    },
    {
        "chinese": "衛生筷",
        "taiwanese": "免洗筷",
        "english": ""
    },
    {
        "chinese": "衛衣",
        "taiwanese": "大學T、長袖棉T",
        "english": ""
    },
    {
        "chinese": "袖標",
        "taiwanese": "臂章",
        "english": ""
    },
    {
        "chinese": "被動吸菸",
        "taiwanese": "抽二手菸",
        "english": ""
    },
    {
        "chinese": "補丁",
        "taiwanese": "修補程式、破解工具",
        "english": ""
    },
    {
        "chinese": "西紅柿",
        "taiwanese": "（牛）蕃茄",
        "english": "tomato"
    },
    {
        "chinese": "視頻",
        "taiwanese": "影片",
        "english": "video"
    },
    {
        "chinese": "視頻電話",
        "taiwanese": "視訊電話",
        "english": ""
    },
    {
        "chinese": "觸摸屏",
        "taiwanese": "觸控螢幕",
        "english": "Touch screen"
    },
    {
        "chinese": "計算機",
        "taiwanese": "電腦",
        "english": ""
    },
    {
        "chinese": "記憶棒",
        "taiwanese": "MS 記憶卡",
        "english": ""
    },
    {
        "chinese": "設置",
        "taiwanese": "設定",
        "english": "setting"
    },
    {
        "chinese": "註冊表",
        "taiwanese": "系統資料庫",
        "english": "registry"
    },
    {
        "chinese": "評論區",
        "taiwanese": "留言區",
        "english": "comment section"
    },
    {
        "chinese": "誤區",
        "taiwanese": "錯誤觀念、迷思、誤解、盲點",
        "english": ""
    },
    {
        "chinese": "說唱",
        "taiwanese": "饒舌",
        "english": "rap"
    },
    {
        "chinese": "課時工資",
        "taiwanese": "鐘點費",
        "english": ""
    },
    {
        "chinese": "調用",
        "taiwanese": "呼叫、執行、觸發",
        "english": ""
    },
    {
        "chinese": "調試",
        "taiwanese": "偵錯/除錯",
        "english": "Debug"
    },
    {
        "chinese": "謎語人",
        "taiwanese": "拐彎抹角、含糊不清",
        "english": ""
    },
    {
        "chinese": "變量",
        "taiwanese": "變數、變因",
        "english": ""
    },
    {
        "chinese": "貌似",
        "taiwanese": "似乎、好像",
        "english": ""
    },
    {
        "chinese": "貓膩",
        "taiwanese": "內幕、隱情",
        "english": ""
    },
    {
        "chinese": "負一屏",
        "taiwanese": "資訊主頁",
        "english": ""
    },
    {
        "chinese": "資料綁定",
        "taiwanese": "資料繫結",
        "english": ""
    },
    {
        "chinese": "資源管理器",
        "taiwanese": "資料總管",
        "english": "Explore"
    },
    {
        "chinese": "賣大號，賣大戶",
        "taiwanese": "量販",
        "english": ""
    },
    {
        "chinese": "質量",
        "taiwanese": "品質",
        "english": "quality"
    },
    {
        "chinese": "質量管理",
        "taiwanese": "品質管制",
        "english": ""
    },
    {
        "chinese": "贊比亞",
        "taiwanese": "尚比亞",
        "english": "The Republic of Zambia"
    },
    {
        "chinese": "贏麻",
        "taiwanese": "穩贏",
        "english": ""
    },
    {
        "chinese": "走心",
        "taiwanese": "在意",
        "english": ""
    },
    {
        "chinese": "走讀生",
        "taiwanese": "通學生",
        "english": ""
    },
    {
        "chinese": "走起",
        "taiwanese": "開始、出發、衝一波",
        "english": ""
    },
    {
        "chinese": "超常兒童",
        "taiwanese": "天才兒童",
        "english": ""
    },
    {
        "chinese": "超編",
        "taiwanese": "超額",
        "english": ""
    },
    {
        "chinese": "超頂",
        "taiwanese": "超讚",
        "english": ""
    },
    {
        "chinese": "趕due",
        "taiwanese": "趕死線",
        "english": "meet deadline"
    },
    {
        "chinese": "跟蹤服務",
        "taiwanese": "售後服務",
        "english": ""
    },
    {
        "chinese": "路條",
        "taiwanese": "通行證",
        "english": ""
    },
    {
        "chinese": "跳樓機",
        "taiwanese": "大怒神、自由落體",
        "english": ""
    },
    {
        "chinese": "跳閘",
        "taiwanese": "跳電",
        "english": ""
    },
    {
        "chinese": "踩一捧一",
        "taiwanese": "自抬身價",
        "english": ""
    },
    {
        "chinese": "踩屎感拖鞋",
        "taiwanese": "發泡拖鞋",
        "english": ""
    },
    {
        "chinese": "蹭熱度",
        "taiwanese": "跟風、跟隨潮流",
        "english": ""
    },
    {
        "chinese": "躺平",
        "taiwanese": "擺爛、我就爛",
        "english": ""
    },
    {
        "chinese": "車照",
        "taiwanese": "行車執照",
        "english": ""
    },
    {
        "chinese": "車間",
        "taiwanese": "生產線、倉庫",
        "english": ""
    },
    {
        "chinese": "軟件",
        "taiwanese": "軟體",
        "english": ""
    },
    {
        "chinese": "軟件包",
        "taiwanese": "套裝軟體",
        "english": ""
    },
    {
        "chinese": "軟包裝",
        "taiwanese": "鋁箔包",
        "english": ""
    },
    {
        "chinese": "輕騎",
        "taiwanese": "輕型機車",
        "english": ""
    },
    {
        "chinese": "輸液",
        "taiwanese": "點滴",
        "english": ""
    },
    {
        "chinese": "轉折點",
        "taiwanese": "轉捩點",
        "english": ""
    },
    {
        "chinese": "辣眼睛",
        "taiwanese": "慘不忍睹",
        "english": ""
    },
    {
        "chinese": "返回",
        "taiwanese": "傳回",
        "english": "Return"
    },
    {
        "chinese": "返現",
        "taiwanese": "回饋、現金回饋",
        "english": ""
    },
    {
        "chinese": "迭代",
        "taiwanese": "疊代",
        "english": "iterate"
    },
    {
        "chinese": "退出登錄",
        "taiwanese": "登出",
        "english": "log out"
    },
    {
        "chinese": "退款",
        "taiwanese": "退費/退貨/退錢",
        "english": "refund"
    },
    {
        "chinese": "逃生",
        "taiwanese": "逃學生",
        "english": ""
    },
    {
        "chinese": "通宵電影",
        "taiwanese": "午夜場",
        "english": ""
    },
    {
        "chinese": "通過",
        "taiwanese": "透過",
        "english": ""
    },
    {
        "chinese": "速遞",
        "taiwanese": "快遞",
        "english": ""
    },
    {
        "chinese": "進分",
        "taiwanese": "進帳",
        "english": ""
    },
    {
        "chinese": "進程",
        "taiwanese": "程序",
        "english": ""
    },
    {
        "chinese": "逼格",
        "taiwanese": "格調、情懷、氣質",
        "english": ""
    },
    {
        "chinese": "運行",
        "taiwanese": "執行",
        "english": ""
    },
    {
        "chinese": "過渡",
        "taiwanese": "轉場",
        "english": ""
    },
    {
        "chinese": "過街橋",
        "taiwanese": "天橋",
        "english": ""
    },
    {
        "chinese": "道․瓊斯指數",
        "taiwanese": "道瓊指數",
        "english": ""
    },
    {
        "chinese": "達芬奇",
        "taiwanese": "達文西",
        "english": ""
    },
    {
        "chinese": "適配",
        "taiwanese": "符合",
        "english": ""
    },
    {
        "chinese": "適配器",
        "taiwanese": "變壓器",
        "english": ""
    },
    {
        "chinese": "避孕套",
        "taiwanese": "保險套",
        "english": ""
    },
    {
        "chinese": "那味",
        "taiwanese": "那種feel（fu）",
        "english": ""
    },
    {
        "chinese": "郵遞員",
        "taiwanese": "郵差",
        "english": ""
    },
    {
        "chinese": "配演",
        "taiwanese": "配角",
        "english": ""
    },
    {
        "chinese": "酸奶",
        "taiwanese": "優格",
        "english": "yogurt"
    },
    {
        "chinese": "酸牛奶",
        "taiwanese": "優酪乳",
        "english": ""
    },
    {
        "chinese": "銳評",
        "taiwanese": "一針見血、批評",
        "english": ""
    },
    {
        "chinese": "銷價",
        "taiwanese": "售價",
        "english": ""
    },
    {
        "chinese": "錄像",
        "taiwanese": "錄影",
        "english": "Video"
    },
    {
        "chinese": "鏈接",
        "taiwanese": "連結",
        "english": "Link"
    },
    {
        "chinese": "鏈結",
        "taiwanese": "連結",
        "english": "link"
    },
    {
        "chinese": "鏈路",
        "taiwanese": "連結",
        "english": "link"
    },
    {
        "chinese": "鐵哥們",
        "taiwanese": "哥兒們",
        "english": ""
    },
    {
        "chinese": "長知識",
        "taiwanese": "學到了",
        "english": ""
    },
    {
        "chinese": "長臉",
        "taiwanese": "給面子、出風頭",
        "english": ""
    },
    {
        "chinese": "門店",
        "taiwanese": "門市、服務據點、商店",
        "english": ""
    },
    {
        "chinese": "開盒",
        "taiwanese": "肉搜",
        "english": ""
    },
    {
        "chinese": "開門紅",
        "taiwanese": "好采頭",
        "english": ""
    },
    {
        "chinese": "阿拉伯聯合酋長國",
        "taiwanese": "阿拉伯聯合大公國",
        "english": "United Arab Emirates"
    },
    {
        "chinese": "限流",
        "taiwanese": "降觸及",
        "english": ""
    },
    {
        "chinese": "除塵器",
        "taiwanese": "吸塵器",
        "english": ""
    },
    {
        "chinese": "陰陽怪氣",
        "taiwanese": "嘰嘰歪歪",
        "english": ""
    },
    {
        "chinese": "集成",
        "taiwanese": "整合、彙整",
        "english": ""
    },
    {
        "chinese": "集成圖形",
        "taiwanese": "整合圖形",
        "english": ""
    },
    {
        "chinese": "集成電路",
        "taiwanese": "積體電路",
        "english": ""
    },
    {
        "chinese": "集裝箱",
        "taiwanese": "貨櫃",
        "english": ""
    },
    {
        "chinese": "雙擊",
        "taiwanese": "輕按兩下",
        "english": "Double-click"
    },
    {
        "chinese": "雞肋",
        "taiwanese": "多餘、毫無意義",
        "english": ""
    },
    {
        "chinese": "難繃",
        "taiwanese": "難受",
        "english": ""
    },
    {
        "chinese": "零幀起手",
        "taiwanese": "出其不意、猝不及防",
        "english": ""
    },
    {
        "chinese": "雷管",
        "taiwanese": "管狀炸彈",
        "english": ""
    },
    {
        "chinese": "電子信函",
        "taiwanese": "電子郵件",
        "english": ""
    },
    {
        "chinese": "電子屏幕",
        "taiwanese": "電子看板",
        "english": ""
    },
    {
        "chinese": "電子陽痿",
        "taiwanese": "失去興趣、提不起勁",
        "english": ""
    },
    {
        "chinese": "電機",
        "taiwanese": "馬達",
        "english": ""
    },
    {
        "chinese": "電熱毯",
        "taiwanese": "電毯",
        "english": ""
    },
    {
        "chinese": "電腦磁盤",
        "taiwanese": "磁碟",
        "english": ""
    },
    {
        "chinese": "電腦紅娘",
        "taiwanese": "電腦擇友",
        "english": ""
    },
    {
        "chinese": "電視大學",
        "taiwanese": "空中大學",
        "english": ""
    },
    {
        "chinese": "電視系列片",
        "taiwanese": "電視影集",
        "english": ""
    },
    {
        "chinese": "青年宮",
        "taiwanese": "青年活動中心",
        "english": ""
    },
    {
        "chinese": "靠譜",
        "taiwanese": "可靠",
        "english": ""
    },
    {
        "chinese": "面市",
        "taiwanese": "上市",
        "english": ""
    },
    {
        "chinese": "面料",
        "taiwanese": "布料",
        "english": ""
    },
    {
        "chinese": "音箱",
        "taiwanese": "喇叭",
        "english": "Speaker"
    },
    {
        "chinese": "音頻",
        "taiwanese": "音訊",
        "english": ""
    },
    {
        "chinese": "頂不住",
        "taiwanese": "撐不住、受不了",
        "english": ""
    },
    {
        "chinese": "頂價",
        "taiwanese": "天價",
        "english": ""
    },
    {
        "chinese": "頂班",
        "taiwanese": "代班",
        "english": ""
    },
    {
        "chinese": "項目",
        "taiwanese": "專案、選項",
        "english": ""
    },
    {
        "chinese": "預製菜",
        "taiwanese": "調理包、微波食品、冷凍食品",
        "english": ""
    },
    {
        "chinese": "領導",
        "taiwanese": "上司、主管、老闆",
        "english": "supervisor"
    },
    {
        "chinese": "領證",
        "taiwanese": "登記（結婚）",
        "english": ""
    },
    {
        "chinese": "頭像",
        "taiwanese": "頭貼",
        "english": "avatar"
    },
    {
        "chinese": "頭盔",
        "taiwanese": "安全帽",
        "english": "helmet"
    },
    {
        "chinese": "顏值",
        "taiwanese": "很帥、很好看",
        "english": ""
    },
    {
        "chinese": "顯存",
        "taiwanese": "顯示記憶體",
        "english": ""
    },
    {
        "chinese": "風景微縮區",
        "taiwanese": "小人國",
        "english": ""
    },
    {
        "chinese": "飛機乘務員",
        "taiwanese": "空服員",
        "english": ""
    },
    {
        "chinese": "馬拉維",
        "taiwanese": "馬拉威",
        "english": "Republic of Malawi"
    },
    {
        "chinese": "駕校",
        "taiwanese": "駕訓班",
        "english": ""
    },
    {
        "chinese": "高亮",
        "taiwanese": "發光、標記、亮部",
        "english": ""
    },
    {
        "chinese": "高光",
        "taiwanese": "打亮/人生巔峰",
        "english": "highlight"
    },
    {
        "chinese": "高壓鍋",
        "taiwanese": "快鍋，壓力鍋",
        "english": ""
    },
    {
        "chinese": "高大上",
        "taiwanese": "高貴、有氣質",
        "english": ""
    },
    {
        "chinese": "高效",
        "taiwanese": "高效率",
        "english": "efficient"
    },
    {
        "chinese": "高標準內銷房",
        "taiwanese": "高級住宅",
        "english": ""
    },
    {
        "chinese": "高檔",
        "taiwanese": "高級，上等",
        "english": ""
    },
    {
        "chinese": "高清",
        "taiwanese": "高畫質",
        "english": "high definition"
    },
    {
        "chinese": "高玩",
        "taiwanese": "高手",
        "english": ""
    },
    {
        "chinese": "高端",
        "taiwanese": "高級、高階、先進",
        "english": ""
    },
    {
        "chinese": "高端/中端/低端",
        "taiwanese": "高階/中階/低階",
        "english": "High/middle/low"
    },
    {
        "chinese": "高等院校",
        "taiwanese": "大專院校",
        "english": ""
    },
    {
        "chinese": "魔怔",
        "taiwanese": "著魔、走火入魔",
        "english": ""
    },
    {
        "chinese": "魔方",
        "taiwanese": "魔術方塊",
        "english": ""
    },
    {
        "chinese": "魔芋",
        "taiwanese": "蒟蒻",
        "english": ""
    },
    {
        "chinese": "魚塘局",
        "taiwanese": "新手場",
        "english": ""
    },
    {
        "chinese": "麻利",
        "taiwanese": "快",
        "english": ""
    },
    {
        "chinese": "黃油",
        "taiwanese": "奶油",
        "english": ""
    },
    {
        "chinese": "默認",
        "taiwanese": "預設",
        "english": "Default"
    },
    {
        "chinese": "點讚",
        "taiwanese": "按讚",
        "english": "like"
    },
    {
        "chinese": "鼠標",
        "taiwanese": "游標",
        "english": ""
    },
    {
        "chinese": "龍傲天",
        "taiwanese": "開掛仔",
        "english": ""
    }
]